2447,,Snapdragon_3rd_Party_Guidelines_CN.pdf
2735,,Mitosis Compliance Guide - Marketing
3240,,Dragon_Guidelines.pdf
3243,,Dragon_Guidelines.pdf
3244,,Dragon_Guidelines.pdf
3245,,Dragon_Guidelines.pdf
3391,,Dragon_Guidelines.pdf
3392,,QSnap_Dragon_chipdragon_taglinebelow.png
3393,,Dragon_Guidelines.pdf
3394,,Snapdragon_3rd_Party_Guidelines_CN.pdf
3397,,Snapdragon_3rd_Party_Guidelines_CN.pdf
3400,,Snapdragon_3rd_Party_Guidelines_CN.pdf
3401,,Snapdragon_3rd_Party_Guidelines_CN.pdf
3402,,Snapdragon_3rd_Party_Guidelines_CN.pdf
3403,,Snapdragon_3rd_Party_Guidelines_CN.pdf
3404,,Snapdragon_3rd_Party_Guidelines_CN.pdf
3405,,Snapdragon_3rd_Party_Guidelines_CN.pdf
3406,,Snapdragon_3rd_Party_Guidelines_CN.pdf
3407,,Snapdragon_3rd_Party_Guidelines_CN.pdf
3408,,4K_Ultra_HD_video_streaming_adapter_Video_Script.d
3409,,Qualcomm_Fluence_Pro_technology_video_script.docx
3410,,4K_Ultra_HD_Video_Streaming_Adapter.mp4
3412,,Fluence_Pro_Technology_Video.mp4
3417,,Snapdragon_3rd_Party_Guidelines_CN.pdf
3418,,Snapdragon_3rd_Party_Guidelines_CN.pdf
3419,,Snapdragon_3rd_Party_Guidelines_CN.pdf
3420,,Snapdragon_3rd_Party_Guidelines_CN.pdf
3421,,Snapdragon_3rd_Party_Guidelines_CN.pdf
3422,,Snapdragon_3rd_Party_Guidelines_CN.pdf
3423,,Snapdragon_3rd_Party_Guidelines_CN.pdf
3424,,Snapdragon_3rd_Party_Guidelines_CN.pdf
3425,,Snapdragon_3rd_Party_Guidelines_CN.pdf
3426,,Snapdragon_3rd_Party_Guidelines_CN.pdf
3427,,Snapdragon_3rd_Party_Guidelines_CN.pdf
3428,,Snapdragon_3rd_Party_Guidelines_CN.pdf
3429,,Snapdragon_3rd_Party_Guidelines_CN.pdf
3430,,Snapdragon_3rd_Party_Guidelines_CN.pdf
3432,,Snapdragon_3rd_Party_Guidelines_CN.pdf
3433,,Snapdragon_3rd_Party_Guidelines_CN.pdf
3435,,Snapdragon_3rd_Party_Guidelines_CN.pdf
3482,,Brand_Guidelines_Qc_AllPlay.pdf
3484,,Brand_Guidelines_Qc_AllPlay.pdf
3485,,Brand_Guidelines_Qc_AllPlay.pdf
3486,,Brand_Guidelines_Qc_AllPlay.pdf
3487,,Brand_Guidelines_Qc_AllPlay.pdf
3488,,Brand_Guidelines_Qc_AllPlay.pdf
3489,,Brand_Guidelines_Qc_AllPlay.pdf
3490,,Brand_Guidelines_Qc_AllPlay.pdf
3491,,Brand_Guidelines_Qc_AllPlay.pdf
3492,,Brand_Guidelines_Qc_AllPlay.pdf
3584,,Brand_Guidelines_Qc_AllPlay.pdf
3585,,Brand_Guidelines_Qc_AllPlay.pdf
3586,,Brand_Guidelines_Qc_AllPlay.pdf
3601,,Qualcomm-VIVE-MU_EFX-Brand-Guidelines.pdf
3602,,Qualcomm-VIVE-MU_EFX-Brand-Guidelines.pdf
3603,,Qualcomm-VIVE-MU_EFX-Brand-Guidelines.pdf
3604,,Qualcomm-VIVE-MU_EFX-Brand-Guidelines.pdf
3605,,Qualcomm-VIVE-MU_EFX-Brand-Guidelines.pdf
3606,,Qualcomm-VIVE-MU_EFX-Brand-Guidelines.pdf
3607,,Qualcomm-VIVE-MU_EFX-Brand-Guidelines.pdf
3608,,Qualcomm-VIVE-MU_EFX-Brand-Guidelines.pdf
3609,,Qualcomm-VIVE-MU_EFX-Brand-Guidelines.pdf
3610,,Qualcomm-VIVE-MU_EFX-Brand-Guidelines.pdf
3612,,Qualcomm-VIVE-MU_EFX-Brand-Guidelines.pdf
3613,,Qualcomm-VIVE-MU_EFX-Brand-Guidelines.pdf
3614,,Qualcomm-VIVE-MU_EFX-Brand-Guidelines.pdf
3615,,Qualcomm-VIVE-MU_EFX-Brand-Guidelines.pdf
3616,,Qualcomm-VIVE-MU_EFX-Brand-Guidelines.pdf
3617,,Qualcomm-VIVE-MU_EFX-Brand-Guidelines.pdf
3618,,Qualcomm-VIVE-MU_EFX-Brand-Guidelines.pdf
3619,,Qualcomm-VIVE-MU_EFX-Brand-Guidelines.pdf
3620,,Qualcomm-VIVE-MU_EFX-Brand-Guidelines.pdf
3621,,Qualcomm-VIVE-MU_EFX-Brand-Guidelines.pdf
3622,,Qualcomm-VIVE-MU_EFX-Brand-Guidelines.pdf
3623,,Qualcomm-VIVE-MU_EFX-Brand-Guidelines.pdf
3624,,Qualcomm-VIVE-MU_EFX-Brand-Guidelines.pdf
3625,,Qualcomm-VIVE-MU_EFX-Brand-Guidelines.pdf
3626,,Qualcomm-VIVE-MU_EFX-Brand-Guidelines.pdf
3744,,Qualcomm_Education_QLearn_Brand_Guidelines.pdf
3745,,Qualcomm_Education_QLearn_Brand_Guidelines.pdf
3746,,Qualcomm_Education_QLearn_Brand_Guidelines.pdf
3748,,Qualcomm_Education_QLearn_Brand_Guidelines.pdf
3749,,Qualcomm_Education_QLearn_Brand_Guidelines.pdf
3750,,Qualcomm_Education_QLearn_Brand_Guidelines.pdf
3751,,Qualcomm_Education_QLearn_Brand_Guidelines.pdf
3752,,Qualcomm_Education_QLearn_Brand_Guidelines.pdf
3753,,Qualcomm_Education_QLearn_Brand_Guidelines.pdf
3754,,Qualcomm_Education_QLearn_Brand_Guidelines.pdf
3755,,Qualcomm_Education_QLearn_Brand_Guidelines.pdf
3756,,Qualcomm_Education_QLearn_Brand_Guidelines.pdf
3757,,Qualcomm_Education_QLearn_Brand_Guidelines.pdf
3758,,Qualcomm_Education_QLearn_Brand_Guidelines.pdf
3759,,Qualcomm_Education_QLearn_Brand_Guidelines.pdf
3760,,Qualcomm_Education_QLearn_Brand_Guidelines.pdf
3761,,Qualcomm_Education_QLearn_Brand_Guidelines.pdf
3762,,Qualcomm_Education_QLearn_Brand_Guidelines.pdf
3763,,Qualcomm_Education_QLearn_Brand_Guidelines.pdf
3764,,Qualcomm_Education_QLearn_Brand_Guidelines.pdf
3766,,Qualcomm_QLearn_Brand_Guidelines.pdf
3767,,Qualcomm_QLearn_Brand_Guidelines.pdf
3768,,Qualcomm_QLearn_Brand_Guidelines.pdf
3769,,Qualcomm_QLearn_Brand_Guidelines.pdf
3770,,Qualcomm_QLearn_Brand_Guidelines.pdf
3771,,Qualcomm_QLearn_Brand_Guidelines.pdf
3772,,Qualcomm_QLearn_Brand_Guidelines.pdf
3773,,Qualcomm_QLearn_Brand_Guidelines.pdf
3774,,Qualcomm_QLearn_Brand_Guidelines.pdf
3775,,Qualcomm_QLearn_Brand_Guidelines.pdf
3776,,Qualcomm_QLearn_Brand_Guidelines.pdf
3777,,Qualcomm_QLearn_Brand_Guidelines.pdf
3798,,Qualcomm_Education_QLearn_Brand_Guidelines.pdf
3799,,Qualcomm_Education_QLearn_Brand_Guidelines.pdf
3800,,Qualcomm_Education_QLearn_Brand_Guidelines.pdf
3801,,Qualcomm_Education_QLearn_Brand_Guidelines.pdf
3802,,Qualcomm_Education_QLearn_Brand_Guidelines.pdf
3803,,Qualcomm_Education_QLearn_Brand_Guidelines.pdf
3804,,Qualcomm_Education_QLearn_Brand_Guidelines.pdf
3805,,Qualcomm_Education_QLearn_Brand_Guidelines.pdf
3806,,Qualcomm_Education_QLearn_Brand_Guidelines.pdf
3809,,Qualcomm_Education_QLearn_Brand_Guidelines.pdf
3810,,Qualcomm_Education_QLearn_Brand_Guidelines.pdf
3811,,Qualcomm_Education_QLearn_Brand_Guidelines.pdf
3812,,Qualcomm_Education_QLearn_Brand_Guidelines.pdf
3813,,Qualcomm_Education_QLearn_Brand_Guidelines.pdf
3814,,Qualcomm_Education_QLearn_Brand_Guidelines.pdf
3815,,Qualcomm_Education_QLearn_Brand_Guidelines.pdf
3816,,Qualcomm_Education_QLearn_Brand_Guidelines.pdf
3817,,Qualcomm_Education_QLearn_Brand_Guidelines.pdf
3818,,Qualcomm_Education_QLearn_Brand_Guidelines.pdf
3819,,Qualcomm_Education_QLearn_Brand_Guidelines.pdf
3820,,Qualcomm_Education_QLearn_Brand_Guidelines.pdf
3821,,Qualcomm_Education_QLearn_Brand_Guidelines.pdf
3822,,Qualcomm_Education_QLearn_Brand_Guidelines.pdf
3824,,Qualcomm_Education_QLearn_Brand_Guidelines.pdf
3825,,Qualcomm_Education_QLearn_Brand_Guidelines.pdf
3826,,Qualcomm_Education_QLearn_Brand_Guidelines.pdf
3827,,Qualcomm_Education_QLearn_Brand_Guidelines.pdf
3828,,Qualcomm_Education_QLearn_Brand_Guidelines.pdf
3839,,QTI Logo Guidelines
3840,,QTI Logo Guidelines
3841,,QTI Logo Guidelines
3842,,QTI Logo Guidelines
3843,,QTI Logo Guidelines
3844,,QTI Logo Guidelines3401
3947,3940,QC_Atheros_Logo_Guidelines.pdf
3948,3940,QC_Atheros_Logo_Guidelines.pdf
3949,3940,QC_Atheros_Logo_Guidelines.pdf
3950,3940,QC_Atheros_Logo_Guidelines.pdf
3951,3940,QC_Atheros_Logo_Guidelines.pdf
3953,3940,QC_Atheros_Logo_Guidelines.pdf
3954,3940,QC_Atheros_Logo_Guidelines.pdf
3955,3940,QC_Atheros_Logo_Guidelines.pdf
3956,3940,QC_Atheros_Logo_Guidelines.pdf
3957,3940,QC_Atheros_Logo_Guidelines.pdf
3958,3940,QC_Atheros_Logo_Guidelines.pdf
3960,,Brand_Guidelines_Qc_AllPlay.pdf
3964,,Brand_Guidelines_Qc_AllPlay.pdf
3965,,Brand_Guidelines_Qc_AllPlay.pdf
3966,,Brand_Guidelines_Qc_AllPlay.pdf
3967,,Brand_Guidelines_Qc_AllPlay.pdf
3968,,Brand_Guidelines_Qc_AllPlay.pdf
3969,,Brand_Guidelines_Qc_AllPlay.pdf
3970,,Brand_Guidelines_Qc_AllPlay.pdf
3971,,Brand_Guidelines_Qc_AllPlay.pdf
3973,,Brand_Guidelines_Qc_AllPlay.pdf
3974,,Brand_Guidelines_Qc_AllPlay.pdf
3975,,Brand_Guidelines_Qc_AllPlay.pdf
3976,,Brand_Guidelines_Qc_AllPlay.pdf
3977,,Brand_Guidelines_Qc_AllPlay.pdf
3978,,Brand_Guidelines_Qc_AllPlay.pdf
3979,,Brand_Guidelines_Qc_AllPlay.pdf
3981,3980,QCE_Logo_Guidelines
3982,3980,QCE_Logo_Guidelines
3983,3980,QCE_Logo_Guidelines
3985,3980,QCE_Logo_Guidelines
3986,3980,QCE_Logo_Guidelines
3988,3980,QCE_Logo_Guidelines
3989,3980,QCE_Logo_Guidelines
3991,3980,QCE_Logo_Guidelines
3992,3980,QCE_Logo_Guidelines
3995,3980,QCE_Logo_Guidelines
3997,3980,QCE_Logo_Guidelines
3999,3915,AllPlay_Horizontal_Signature_Black.eps
4000,,Brand_Guidelines_Qc_AllPlay.pdf
4001,,Brand_Guidelines_Qc_AllPlay.pdf
4002,,Brand_Guidelines_Qc_AllPlay.pdf
4003,,Brand_Guidelines_Qc_AllPlay.pdf
4004,,Brand_Guidelines_Qc_AllPlay.pdf
4005,,Brand_Guidelines_Qc_AllPlay.pdf
4006,,Brand_Guidelines_Qc_AllPlay.pdf
4007,,Brand_Guidelines_Qc_AllPlay.pdf
4008,,Brand_Guidelines_Qc_AllPlay.pdf
4009,,Brand_Guidelines_Qc_AllPlay.pdf
4010,,Brand_Guidelines_Qc_AllPlay.pdf
4011,,Brand_Guidelines_Qc_AllPlay.pdf
4012,,Brand_Guidelines_Qc_AllPlay.pdf
4013,,Brand_Guidelines_Qc_AllPlay.pdf
4014,,Brand_Guidelines_Qc_AllPlay.pdf
4015,,Brand_Guidelines_Qc_AllPlay.pdf
4016,,Brand_Guidelines_Qc_AllPlay.pdf
4017,,Brand_Guidelines_Qc_AllPlay.pdf
4018,,Brand_Guidelines_Qc_AllPlay.pdf
4019,,Brand_Guidelines_Qc_AllPlay.pdf
4020,,Brand_Guidelines_Qc_AllPlay.pdf
4021,,Brand_Guidelines_Qc_AllPlay.pdf
4022,,Brand_Guidelines_Qc_AllPlay.pdf
4023,,Brand_Guidelines_Qc_AllPlay.pdf
4024,,Brand_Guidelines_Qc_AllPlay.pdf
4025,,Brand_Guidelines_Qc_AllPlay.pdf
4026,,Brand_Guidelines_Qc_AllPlay.pdf
4030,,Brand_Guidelines_Qc_AllPlay.pdf
4031,,Brand_Guidelines_Qc_AllPlay.pdf
4032,,Brand_Guidelines_Qc_AllPlay.pdf
4045,3845,QTI_Logo-Guidelines.pdf
4046,3845,QTI_Logo-Guidelines.pdf
4047,3845,QTI_Logo-Guidelines.pdf
4048,3845,QTI_Logo-Guidelines.pdf
4049,3845,QTI_Logo-Guidelines.pdf
4050,3845,QTI_Logo-Guidelines.pdf
4067,4065,QC_Quickcharge_Guidelines.pdf
4068,4065,QC_Quickcharge_Guidelines.pdf
4069,4065,QC_Quickcharge_Guidelines.pdf
4070,4065,QC_Quickcharge_Guidelines.pdf
4071,4065,QC_Quickcharge_Guidelines.pdf
4072,4065,QC_Quickcharge_Guidelines.pdf
4073,4065,QC_Quickcharge_Guidelines.pdf
4074,4065,QC_Quickcharge_Guidelines.pdf
4075,4065,QC_Quickcharge_Guidelines.pdf
4076,4065,QC_Quickcharge_Guidelines.pdf
4077,4065,QC_Quickcharge_Guidelines.pdf
4078,4065,QC_Quickcharge_Guidelines.pdf
4079,4065,QC_Quickcharge_Guidelines.pdf
4080,4065,QC_Quickcharge_Guidelines.pdf
4081,4065,QC_Quickcharge_Guidelines.pdf
4082,4065,QC_Quickcharge_Guidelines.pdf
4083,4065,QC_Quickcharge_Guidelines.pdf
4084,4065,QC_Quickcharge_Guidelines.pdf
4085,4065,QC_Quickcharge_Guidelines.pdf
4086,4065,QC_Quickcharge_Guidelines.pdf
4087,4065,QC_Quickcharge_Guidelines.pdf
4088,4065,QC_Quickcharge_Guidelines.pdf
4089,4065,QC_Quickcharge_Guidelines.pdf
4090,4065,QC_Quickcharge_Guidelines.pdf
4091,4065,QC_Quickcharge_Guidelines.pdf
4092,4065,QC_Quickcharge_Guidelines.pdf
4093,4065,QC_Quickcharge_Guidelines.pdf
4094,4065,QC_Quickcharge_Guidelines.pdf
4095,4065,QC_Quickcharge_Guidelines.pdf
4096,4065,QC_Quickcharge_Guidelines.pdf
4097,4065,QC_Quickcharge_Guidelines.pdf
4098,4065,QC_Quickcharge_Guidelines.pdf
4099,4065,QC_Quickcharge_Guidelines.pdf
4100,4065,QC_Quickcharge_Guidelines.pdf
4101,4065,QC_Quickcharge_Guidelines.pdf
4102,4065,QC_Quickcharge_Guidelines.pdf
4139,3980,QCE_Logo_Guidelines
4142,4141,QTIL_Logo_Guidelines.pdf
4143,4141,QTIL_Logo_Guidelines.pdf
4144,4141,QTIL_Logo_Guidelines.pdf
4145,4141,QTIL_Logo_Guidelines.pdf
4146,4141,QTIL_Logo_Guidelines.pdf
4147,4141,QTIL_Logo_Guidelines.pdf
4148,4141,QTIL_Logo_Guidelines.pdf
4149,4141,QTIL_Logo_Guidelines.pdf
4150,4141,QTIL_Logo_Guidelines.pdf
4151,4141,QTIL_Logo_Guidelines.pdf
4152,4141,QTIL_Logo_Guidelines.pdf
4153,3845,QTI_Logo-Guidelines.pdf
4154,4155,QIC_Logo_Guidelines.pdf
4156,4155,QIC_Logo_Guidelines.pdf
4157,4155,QIC_Logo_Guidelines.pdf
4158,4155,QIC_Logo_Guidelines.pdf
4159,4155,QIC_Logo_Guidelines.pdf
4160,4155,QIC_Logo_Guidelines.pdf
4162,3845,QTI_Logo-Guidelines.pdf
4163,3845,QTI_Logo-Guidelines.pdf
4164,3845,QTI_Logo-Guidelines.pdf
4165,3845,QTI_Logo-Guidelines.pdf
4166,3845,QTI_Logo-Guidelines.pdf
4167,3845,QTI_Logo-Guidelines.pdf
4168,3845,QTI_Logo-Guidelines.pdf
4169,3845,QTI_Logo-Guidelines.pdf
4170,3845,QTI_Logo-Guidelines.pdf
4171,3845,QTI_Logo-Guidelines.pdf
4172,3845,QTI_Logo-Guidelines.pdf
4173,3845,QTI_Logo-Guidelines.pdf
4213,,AllPlay_Hero_1_3107.jpg
